{"_timestamp":1.751947558185453e+09,"train/global_step":18,"train/epoch":3,"train_steps_per_second":0.216,"_step":3,"eval/loss":5.106527805328369,"eval/samples_per_second":18.404,"train/grad_norm":0.8667105436325073,"train_runtime":83.3747,"eval/runtime":1.0867,"total_flos":3.119604793344e+14,"train_loss":5.582831064860026,"train/loss":6.0226,"train_samples_per_second":6.477,"eval/steps_per_second":2.761,"_runtime":84.968282,"train/learning_rate":0.00015,"_wandb":{"runtime":85}}