{"train_steps_per_second":0.22,"_timestamp":1.751947463470026e+09,"train/global_step":18,"eval/samples_per_second":19.822,"train_loss":5.4935629102918835,"train/grad_norm":0.8437741994857788,"eval/steps_per_second":2.973,"eval/runtime":1.009,"train/epoch":3,"train_samples_per_second":6.613,"_wandb":{"runtime":83},"total_flos":3.119604793344e+14,"train/learning_rate":0.00015,"eval/loss":4.897876739501953,"train/loss":5.9992,"train_runtime":81.6586,"_step":3,"_runtime":83.104865}