{"train/epoch":3,"_step":3,"eval/loss":5.314709663391113,"train_samples_per_second":6.183,"_timestamp":1.7519473701167948e+09,"eval/steps_per_second":2.714,"train_loss":5.861712985568577,"train_runtime":87.3424,"eval/runtime":1.1053,"_runtime":88.8269,"_wandb":{"runtime":89},"train/learning_rate":0.00015,"eval/samples_per_second":18.095,"train_steps_per_second":0.206,"total_flos":3.0878052581376e+14,"train/loss":6.2932,"train/global_step":18,"train/grad_norm":1.420381625e+06}