{"train_runtime":76.7473,"_wandb":{"runtime":78},"eval/samples_per_second":11.477,"_step":2,"eval/steps_per_second":1.722,"train/learning_rate":0.00015,"train/loss":6.4271,"eval/runtime":1.7426,"train/epoch":3,"eval/loss":5.30851936340332,"train/global_step":18,"train_loss":5.947073406643337,"train/grad_norm":952473.9375,"_runtime":77.912112,"train_steps_per_second":0.235,"total_flos":3.0878052581376e+14,"train_samples_per_second":7.036,"_timestamp":1.751947213759979e+09}